Title,Price,DiscogsID,MaxPrice
JOHN COLTRANE COLTRANES SOUND SD 1419 SHRINK,33.00,4037208,45
"Rotary Connection - The Rotary Connection 1968 LP, Album, Mono, Promo  DJLP-312 ",26.74,8872224,30
Dead Kennedys In God We Trust Inc Vinyl 1981,21.00,1256458,25
PIERRE HENRY La Reine Verte Import LP,30.00,938121,35 
BUCKINGHAM NICKS - 1973 1st Press Polydor LP Gatefold Vinyl Record Album PD5058,39.99,1778025,50
CAL TJADER & EDDIE PALMIERI El Sonido Nuevo Verve Mono Promo LP VG+ Rare,49.99,17459947,50
Leonard Cohen Various Positions Vinyl Record CBS 26222,15.20,3882030,20
STEVE DAVIS Music LP RCA VICTOR LSP-4423 STEREO 1970 Jazz Funk GEORGE CLINTON,39.99,2387101,40
Fotheringay by Fotheringay,14.99,2105189,18
"MILES DAVIS ""Bitches Brew"" 1970 Columbia 2LP,14800+ feed/gatefold/VPI clean",26.50,37006,35
Antonio Carlos Jobim ‚Äî Stone Flower Lp Vinyl Rexord  CTI 6002 RVG Green Label,38.99,676221,40
Labi Siffre ‚Äì Crying Laughing Loving Lying Vinyl LP FIRST Australian Press 1972,44.99,15055504,52
Broadcast - Haha Sound Vinyl LP 2003 Warp Records 24.00,186545,48
GOSPEL DYNAMICS Sweet Gospel Music 1981 LP Sealed BLACK LABEL Records #BL3007,30.00,2516217,75
Wilburn Burchette ‚Äì Opens The Seven Gates Of Transcendental Consciousness,145.00,2754185,125
Alice Coltrane ft Pharoah Sanders Ptah The El Daoud LP ImpulseABC AS9196 G2U,143.50,385862,120
BLACK MERDA s/t SOUL FUNK Psych ROCK CHESS ORIGINAL LP PROMO CH 1551 1970,199.99,945292,150

The Smiths The Queen Is Dead LP 1986 Sire US Press VG+ Vinyl,42.00,6880447,45
RAMONES SELF TITLED,VG+ SR-6020 LP VINYL RECORD,39.99,2649290,20
ENO Here Come the Warm Jets LP Art/Glam Rock ‚Äì 1973 Editions EG Record EX,26.00,2062742,27
Cat Power - What Would The Community Think - 150g Vinyl LP - 1996,29.99,677427,24
"The JB‚Äôs  Food For Thought , Produced By James Brown , 1972",40.00,1937741,40
Sonny Rollins - East Broadway Run Down LP - Impulse! - AS-9121 RVG / Tested Hear,29.89,1061542,30
H.P. LOVECRAFT,1967 Self-Titled Vinyl LP VG+ Disc HD,24.00,1489562,25
LP : Bobby Hutcherson - San Francisco,1971 featuring Harold Land,19.88,901911,30
MILES DAVIS Bitches Brew COLUMBIA GP 26 1970's press vinyl 2LP Ultrasonic Pitman,37.89,37006,38
Rain Project 3 PR5072 Vinyl LP Rare Psych Enoch Light,99.99,9407729,90
FUNK DELUXE FUNK DE LUXE SALSOUL SA8565 US ORIGINAL FW VINYL LP,24.99,1620773,25
NDUGU & THE CHOCOLATE JAM CO. ''DO I MAKE YOU FEEL BETTER?'' LP VINYL,15.99,2004548,18
KATE BUSH HOUNDS OF LOVE 1985 Vinyl  ST-17171 ,85.00,472418,24
"Roland Kirk Quartet, ‚ÄúRip, Rig and Panic‚ÄùMono LP On Limelight Elvin Jones",34.00,1809886,60
"Curtis Fuller, Soul Trombone & The Jazz Clan, 1962 1st Impulse Mono, RVG, AMPAR",145.00,1233460,75
PUZZLE ~ THE MANDRAKE MEMORIAL - TRIPPY PSYCH PROG ! W/INSERT Rare Orig 1970 VG+,165.00,2483620,30
Cat Power - The Greatest - Matador OLE 626-1 80G Vinyl LP - Excellent,47.50,910597,35
Jan Hammer Group - Melodies Original Promo Vinyl Record,34.99,2798885,18
Siouxsie and The Banshees Kaleidoscope Vinyl LP 1980,44.99,1538145,18
Dead Kennedys Give Me Convenience Or Give Me Death LP ‚Ä¢ VIRUS57 ‚Ä¢ VG/G,40.00,372565,30
Cat Power - You Are Free - Matador 2003 Vinyl LP OLE 427-1 - Excellent,24.99,2090118,20
THE UNITED STATES OF AMERICA The United States Of America G+/VG+/VG LP 1968,80.00,30
Luiz Bonfa Plays & Sings Bossa Nova Verve Records Gatefold Vinyl LP,20.00,15
"NEAR MINT   R.E.M. ‚Äì ""Reckoning"" LP FROM 1984 1ST PRESS INDIANAPOLIS PRESS",39.99,18
Orphan Egg self-titled 1968 LP EX-NM Carole psych rock rare Acid Archives,200.00,60
"The Free Design - Kites Are Fun 1967 LP, Album, Promo  PR 5019SD Very Good,VG",32.09,15
"NEAR MINT   R.E.M. ""Murmur"" LP FROM 1983 1ST PRESS INDIANAPOLIS PRESS",70.99,35
SAMUEL JONATHAN JOHNSON My Music 1978 Funk/Soul Vinyl LP Columbia 35323 VG,69.99,55
TELEX ‚Äì LOOKING FOR SAINT TROPEZ - GP 764  VINYL LP *1979* KING - VG+ - A20,18.60,25
Harold Budd & Brian Eno Ambient 2 The Plateaux Of Mirror  LP Vinyl,85.00,30
The Mandrake Memorial - Puzzle LP 1970 Poppy rare psych VG+ original,100.00,25
"Dead Kennedys Give me Convenience US LP w/Booklet, insert, flexi disc punk VINYL",170.00
New Order Low-Life LP 1985 Factory FACT100 NM/EXC  RARE!,99.99,15
Dead Kennedys Fresh Fruit for Rotting Vegetables Vinyl Record With Insert 1982,30.00,20
Lothar and The Hand People - Space Hymn LP 1969 Capitol psych theremin,30.00,20
GONG You 1974 UK Psych/Prog/Space Rock Vinyl LP w/Insert Virgin V2019 EX,49.99,25
"DEAD KENNEDY‚ÄôS PLASTIC SURGERY DISASTERS,  1982 Orig LP w/Booklet Promo",95.00,25
RARE Hawaii Modern Soul AOR LP Record GEORGE STREET Living On Daydreams PRIVATE,100.00,35
THE MALEMEN Express Male LP 1984 First Pressing VG+ VINYL,19.99,12
R.E.M. NO. 5 Document Vinyl Record LP REM IRS 42059 1987 VINYL EX,22.00,15
Lost and Found Forever Lasting Plastic Words LP 1968 OG Press VG+ Rare Promo,150.00,100
Hawkwind In Search Of Space Vinyl Record United Artists UAS-5567 Untested,29.99,18
Fugazi Repeater Lp 1rst,60.00,25
St John Green Flick Disc LP Record Psych Garage In Shrink,80.00,35
Syd Barrett ‚Äì Opel - 1988 Capitol/Harvest C1-91206 +++SEE Description +++,39.99,20
Tones On Tail - The Album Pop,1984 VG+ Vinyl VG Cover PVC 8939,40.00,15
SYD BARRETT-,MINT- THE MADCAP LAUGHS LP- SHVL 765- DAVID GILMOUR/ROGER WATERS,258.00,100
ORIGINAL THE STOOGES LP-, VG++ TO MINT-  SELF TITLED- EKS 74051- IGGY POP -,388.00,125
Fairport Convention - Liege & Lief LP EXC UK Island 1st press folk psych,150.00,30
Ken McIntyre - Stone Blues VINYL LP New Jazz 8259 Mono DG RVG,1961 EXCELLENT,79.76,35
Another Green World by Eno Brian Japanese Import Polydor Pressing MPF 1153,94.99,30
Fairport Convention - What We Did On Our Holidays LP UK Island 1969 2nd,60.00,25
Dave Pike Quartet Pike's Peak 1962 1st Edition Epic 16025 Mono EXLLENT/VG DEMO,139.00,50
Dave Pike Bossa Nova Carnival 1962 1st Press New Jazz NJLP 8281 Good/VG Shrink,54.28,35
Ultimate Spinach ' Ultimate Spinach ' Vinyl LP Album US 1968 MGM ROCK SE-4518,20.00,15
The Zombies: Odessey And Oracle - Orig USA Vinyl LP w/ Alt Cover - Date TES 4013,74.98,25
NINA SIMONE~LITTLE GIRL BLUE LP,1959 ORIG PRESS DG JAZZ BETHLEHEM BCP 6028,75.00,40
"Egberto Gismonti ""Academia De Dan√ßas"" LP Gatefold Reissue EMI VG++",45.00,25
JOHN COLTRANE DON CHERRY THE AVANT GARDE MONO FIRST PRESSING ATLANTIC 1451,120.00,20
Saint Vitus ‚Äì Born Too Late Vinyl LP SST Records 082 ORIGINAL Doom Metal RARE !!,225.00,125
FBC Worth A Fortune RARE 1982 VG+ Vinyl LP Record Psych/Prog Beautiful Copy!,129.99,60
ROCK - RUNAWAYS - QUEENS OF NOISE LP - MERCURY RECORDS ORIGINAL FIRST PRESSING,38.00,15
Cat Power You Are Free 12‚Äù 33RPM 120g Vinyl Record OLE-427-0 Matador 2003 Open,52.99,25
Dead Kennedys Fresh Fruit for Rotting Vegetables Original UK Pressing Vinyl LP,60.00,25
RARE Jazz Funk OG LP Record REUBEN WILSON Blue Mode BLUE NOTE Promo GRAIL VG+*,80.00,45
New York Dolls In Too Much Too Soon LP Mercury SRM-1-1001 1974,28.50,20
LUI COLLINS LP There'John Coltrane And Johnny Hartman A-40 Impulse!/Hispavox 1966 Spain Vinyl LP,VG,75.00
CHOCOLATE WATCH BAND No Way Out 1967 TOWER T-5096 Vinyl Lp Psych MONO Grail ,825.00,200
MOTOHARU YOSHIZAWA Inland Fish 1974 Japan Free Jazz Vinyl LP TRIO PAP-9020 EX,69.99,40
"Minimal Compact One,Statik Dancin',Vinyl 12"" Album BELGIUM CRAM 015 VG+",34.99,12
"Nico - The End - 1974 Island Records - ILPS 9311 - LP VG 12"" Vinyl",23.99,18
melvins prick amphetamine reptile records 1994,200.00,45
The Melvins Gluey Porch Treatments Vinyl LP Original Press,200.00,75
The Melvins Stoner Witch Original Vinyl LP Original Press,200.00,100
"REM R.E.M. Murmur 1983 IRS SP-70014 ""R"" Vinyl IRS Record LP EX/VG+ ",44.98,35
The Melvins Bullhead Record 1991 Original Vinyl LP Original Press,200.00,50
The Melvins Houdini LP 1993 Original Amphetamine Reptile Record Original Press,200.00,125
THE VELVET UNDERGROUND /VU /1984 Verve/Polygram Records,25.00,25
Dock Boggs S/T LP 1964 Folkways Original VG+/VG+,40.00,25
"Slits - The Peel Sessions,Strange Fruit, 1987, UK EP",62.00,20
DON CHERRY ETERNAL RHYTHM MPS STEREO LP,50.00,24
Carrie Williams Ensemble - I Feel So Good Today LP - Carrilene [CS 2001] SIGNED,89.99,100
Funkadelic - Maggot Brain LP - Westbound [WB 2007] 1971 ORIG,VG/VG+,199.99,100
"William Burroughs ‚Äì Call Me Burroughs,1966 Vinyl, LP, Album, Mono",119.99,30
FUNKADELIC Self Titled LP WESTBOUND RECORDS W-216 US 1975 Psychedelic Funk CLEAN,150.35,100
ULTIMATE SPINACH BEHOLD & SEE ORG 1968 HIPPIE PSYCH 'MIND FLOWERS' SEALED!!,99.99,27
Ornette Coleman  Science Fiction  12‚Äù Vinyl LP VG PLUS CONDITION,29.99,22
Jandek ‚Äì Follow Your Footsteps LP 1986 Corwood 0751 - Lo-Fi Experimental Noise,124.99,45
Velvet Underground With Lou Reed 1969 Live 2X LP Vinyl Record EX SRM-2-7504 1974,114.89,35
"George Russell And His Orchestra Featuring Bill Evans,  Jazz In The Space Age",90.00,120
Jules Blattner Back on the Road Again 1972 Vinyl Slash Records 1st Press,59.99,21
John Coltrane Expression 1967 Vinyl Impulse Records 1st Press,69.99,35
TERRY CALLIER I Just Can't Help Myself LP CA 50041 Vinyl VG Rare 1973,49.99,40
Bill Evans Trio How My Heart Sings 1967 Vinyl Riverside Records,69.99,45
West Coast Pop Art Experimental Band - Part One LP - Reprise 3-Tone A7,180.00,30
DAVID AXELROD ‚ÄúSONG OF INNOCENCE‚Äù **RARE JAZZ FUNK CAPITOL** LP,120.00,50
JOHN COLTRANE ALICE COLTRANE ‚ÄúCOSMIC MUSIC‚Äù **FREE JAZZ IMPULSE 1972 PRESS** LP,50.00,25
DONNY HATHAWAY LIVE VINYL LP RECORD ALBUM,1972,59.99,24
"Pansy Division Deflowered Vinyl LP, Lookout Records #87 1994, NM",67.99,20
Steve Tibbetts Northern Songs Lp Vinyl Record 1982 VG++ Jazz Album,27.99,10
Steve Tibbetts YR 1980 Vinyl Frammis Records 1st Press Wrong Jacket,49.99,12
Steve Tibbetts Self Titled Lp Vinyl Record RARE VG+ 1977,54.99,30
NEW ORDER SUBSTANCE 2LP Vinyl QWEST RECORDS Original 1988 Good TESTED,69.95,30
Kate Bush The Dreaming Lp Vinyl Record 1982 Vg++ Alt Rock,29.99,15
Nina Simone In Concert 1972 Vinyl RCA Victor Records 1st Press,49.99,15
THE TREES ‚ÄúTHE CHRIST TREE‚Äù **RARE XIAN PSYCH POMEGRANATE INSERT EX** LP,300.00,75
John Coltrane Kulu Se Mama 1966 Vinyl Impulse Records 1st Press Free Jazz,59.99,30
John Coltrane ‚Äì Interstellar Space ‚Äì Free Jazz Vinyl LP ‚Äì OG Impulse! Quad,60.00,30
"The Adicts Sound of Music 1982 First Press Vinyl, Razor Records, UK Raz2",33.00,24
Ministry ‚Äì The Land Of Rape And Honey RARE original promo vinyl LP '88,60.00,27
Brian Eno Ambient 4 On Land 1982 Vinyl LP Editions EG Records VG+/VG+ 1st Press,59.99,18
"PETER IVERS ""Nirvana Peter"" Rare New Wave Vinyl 33 RPM Album LP Record VG++ V119",49.99,30
The Sylvers S/T 1972 Vinyl Pride Records 1st Press,49.99,20
The Suicide Commandos - Make A Record 1978 Blank Records Pressing VG+/VG,43.00,30
Om Advaitic Songs 2xLP Vinyl by Cisneros Albini Near Mint,45.00,22
Nemessio 1977 RARE Colombia Funk Tropicale Sonolux VG+ Vinyl Record LP,300.00,80
The Elite Crew - Timeless Groove,60.00,30
RYUICHI SAKAMOTO Coda Sealed Japanese LP Vinyl 1983 London L25N1016 Obi YMO,99.99,21
The Larry Young Trio Testifying Vinyl,125.00,60
"Bad Brains~ Rock For Light, Vinyl PVC 8917, 1983 1st US Pressing VG+/EX Cond",44.99,30
"Dr. John, The Night Tripper* - Gris-Gris,LP,Very Good Plus,VG+ - 400450625",45.00,30
HAWKWIND SPACE RITUAL 2x LP ORIGINAL 1ST press  FOLD OUT SLEEVE NM Vinyl,79.99,25
Alberto Calderon Mike Pacheco Sextet Con Sabor Latino Lp Vinyl Record RARE Jazz ,39.99,25
INXS Kick 1987 Vinyl Record Atlantic Records Gatefold Atlantic 7 81796-1,59.99,394397,15
HAROLD LAND Harold In The Land Of Jazz LP ~ RARE LP - UK IMPORT 1959 GROOVEYARD!,97.77,50
"Nick Drake ""Bryter Layter"" 1977 Antilles US VG - VG+ Vinyl Record LP",95.00,70
John Fahey - The Voice Of The Turtle Very Good Plus,VG+ - 4004476153,35.00,20
R.E.M. - Lifes Rich Pageant LP Vinyl Rare Brazilian Press Indie Rock 1986 REM x,50.00,5662438,30
RAY MANNING SINGERS Songstylists On A Mission LP Stairrail Records SEALED,20.00,12495103,10
Cat Power - What Would The Community Think - 150g Vinyl LP - 1996,29.99,677427,24
ORIGINAL 1980 ECHO & THE BUNNYMEN Album CROCODILES Lp Record Original Sleeve Vg+,27.00,588584,15
Sweet Maya S/T LP Jazz Funk Rock Soul 1977 Private Uncle Dirtys Sound Machine,124.99,7870339,100
"BADEN POWELL & VINICIUS DE MORAES ""Os Afro-Sambas"" BRAZIL Forma FM-16 Mono VG++",299.95,100
Mandala - S/T Original LP Morisom Brazil Jazz Funk NM,850.00,240
Naked Raygun Throb Throb LP ORIGINAL 1984 Punk Black Flag Minor Threat Rare*,149.99,30
RARE JUDY MAYHAN WHITE LABEL PROMO LP ATCO 33-319 ULTRASONIC CLEAN GOOD PLAYBACK,28.99,12
PIERRE HENRY PANORAMA ELECTRONIQUE 1968 LIMELIGHT LS-86048 LP Promo,24.99,15
E.S.T - Pure Sex,White Label,80.00,20
Pixies - Come On Pilgrim 1988 original vinyl MAD 709 ROUGH US 43 - VG++,60.00,25
Yo La Tengo - Fakebook 1990 original vinyl LP - Bar|None/Restless Records,49.00,30
George Michael FAITH Vinyl LP 1987 Columbia SHRINK HYPE Sticker INSERTS VG+,54.99,4504601,18
The Cure - Three Imaginary Boys LP UK Fiction Records ‚Äì FIX 1 1979,65.00,40
"Digital Underground - Sex Packets,LP, Album, Promo,Very Good,VG - 39992382",69.00,21
Kalani Bob & Remegel - The Cheese & Pickles E.P,95.04,50 
Bad Brains - Black Dots LP 1996 Caroline Records ‚Äì CAR 7534 VG Plays Well,59.99,30
THE CURE Standing On A Beach The Singles Vinyl LP Record 1986 Elektra 60477-1,79.98,35
The Melvins Trilogy Vinyl Records 2LP,200.00,110
JOHN COLTRANE & MILT JACKSON - BAGS & TRANE 1961 PURPLE/RED MONO VG+/EX,99.99,20
"THE BEACH BOYS ‚ÄúSunflower‚Äù Gatefold LP, 1970 Brother/Reprise RS6382, VG+/VG+",44.95,25
Dead Can Dance Within Realm Of Dying Sun LP Vinyl Record! UK 1987 4AD¬†‚Äì CAD 705,59.95,25
Swans ‚Äì The Glowing Man - Young God Records 3xLP  Vinyl + Poster Complete EUC,68.58,48
CHOCOLATE WATCH BAND No Way Out 1967 TOWER T-5096 Vinyl Lp Psych MONO Grail ,800.00,200
BOBBY CALDWELL - Carry On Vinyl LP 1982  Polydor  PD-16347 1st Press In Shrink,19.99,15
"Slits - Cut,Antilles, 1984 Repress with Wrong Song Title, US LP",83.00,40
Rasik K Cosmic Melody  Hindi Geets And Ghazals Disco Style Vinyl VG++ To Ex Rare,450.00,20
Eastern Avenue Boney M Vinyl LP Record VG++ To Ex Disco Rare,225.00,15
Wendy Carlos - Tron Soundtrack LP Vinyl 1982 CBS Records ,30.00,20
NM- * LP * JIM SHEPARD ~ Picking Through The Wreckage With A Stick ~,99.99,36
NM Vinyl * Private Press LP ** LONELY RIDER ~ Self-Titled ~ * S/T, CPG-0086-1 ,40.50,20
Nine Inch Nails Fixed 1992 UK Original Edition 12in Vinyl EP Island Records,325.00,80
Slapp Happy/Henry Cow - Desperate Straights - V 2024 - UK - Ultrasonic Cleaned,78.00,25
Jade Warrior - Jade Warrior - Vertigo - VEL 1007 - 1971 - Ultrasonic Cleaned,35.00,24
"David Axelrod ""Songs of Experience"" - OG 1969 Jazz-Rock, Psychedelic Soul LP EX",399.99,150
Live At The Cafe Montmartre LP Vinyl Record Cecil Taylor,58.00,27
Joy Division Closer LP,1981 Vinyl Record,44.50,40
BUCKINGHAM NICKS  original LP album with PicCover from 1973,49.99,50
MAX ROACH M'BOOM MBOOM,30.00,24
Vtg 1986 THE CURE Album STANDING ON A BEACH - The Singles 1ST PRESS Vinyl Lp NM!,90.00,36
Ramones-Pleasant Dreams LP Sire 1981 original press 24.99,1749488,21
SIOUXSIE And The BANSHEES Hyaena VG+ Vinyl LP Record 1st Press 1984 Robert Smith,29.95,386987,24
Brian Eno - Here Come The Warm Jets Lp Vinyl Record 1974 Island ILPS 9268,35.00,2062742,27
Public Enemy ‚Äì Fear of a Black Planet LP Vinyl 1990 Def Jam Records,70.99,78957,30
John Cale VINTAGE VIOLENCE 1970 1st US Pressing CS 1037 VG+,35.00,641056,28
Jane's Addiction Ritual De Lo Habitual 1990 Vinyl LP 25993-1 Promo original albu,155.00,513801,70
brian eno - Before and After Science - LP  - Island ILPS 9478 -  VG+/VG+,45.00,59737,15
Sinead O'Connor - I Do Not Want What I Haven't Got - 1989 US 1st Press,65.00,21
BIG BLACK Atomizer LP US 1986 - Homestead Records HMS043 - FIRST PRESS,75.00,36
The Go-Betweens ‚Äì 16 Lovers Lane - UK 1st Press & Printed Inner VG++,75.00,45
Cocteau Twins - VICTORIALAND Original 1st Press 45rpm UK 1986 4AD CAD 602 NM NM,99.00,24
Forbidden Zone Oingo Boingo LP USA,49.00,30
Gong Avec Daevid Allen Continental Circus 1972 Vinyl 6332 033 LP Phych Rock ,45.00,20
SONIC YOUTH Hits Are For Squares 2010 NUMBERED 2LP Vinyl Record PLAY GRADED VG+,49.99,40
Tonto's Expanding Head Band/Zero Time/1971 Atlantic Gatefold LP/EX,25.00,21
DONALD BYRD Black Byrd BLUE NOTE LP BN LA047 F,35.00,18
"Miles Davis, Birth Of Cool, 1957 1st Capitol Mono Comp. T-762",48.95,40
AFFINITY Self Titled LP GF 1970 Original Paramount Psych Rock EX/EX,69.99,40
Hermeto Pascoal - Slaves Mass LP - Warner Bros. VG+,36.00,15
Shuggie Otis- Inspiration Information- LP 1974 Epic KE 33059 Vinyl Record VG+/G+,101.99,60
"Outter Limitt 12"" In The Groove ICT Boogie Funk Hip Hop LP Record VG+",104.99,40
Shuggie Otis Freedom Flight Vinyl LP Epic BL 30752 Record VG,42.50,60
Jon Hassell Dream Theory In Malaya,Fourth World Volume Two 1981 EGM 114 VG+ ,33.99,15
"JESUS & MARY CHAIN 1985 ""Psychocandy"" LP w Just Like Honey Blanco Y Negro VG+",89.99,6417943,30
"LP, Antonio Carlos Jobim ‚Äì Stone Flower, CTI Records CTI 6002, 1970 Orig, G - VG",25.00,676221,35
Joy Division Closer Vinly Record Album 12'' 1987 Factus VI 6 Very Good JacketVG+,64.95,19212958,35
Cocteau Twins - Treasure OG ORIGINAL UK 1984 Vinyl LP ALBUM RECORD VG New Wave,32.00,63993,25
HENRY FRANKLIN The Skipper LP BLACK JAZZ RECORDS BJQD/7 US 1972 PROMO,218.99,6040871,75 
CHARLES MINGUS The Black Saint And The Sinner Lady LP IMPULSE! A-35 US 1963 MONO,258.99,10808685,100
MAL WALDRON Black Glory LP ENJA RECORDS 2004 ST US 1971 JAZZ Jimmy Woode,66.99,2085975,15
ALBERT AYLER TRIO Spiritual Unity LP ESP-DISK' 1002 US '65 MONO Sunny Murray VG+,338.99,4339219,250
Indigo Girls S/T - 1989 Vinyl LP Epic Records E 45044 US Pressing,68.00,1165578,24
The Decline Of Western Civilization Slash SR-105 Black Flag Fear Circle Jerks NM,95.00,797728,25
Dexter Wansel - Life on Mars Vinyl LP,32.00,249156,21
Syd Barrett The Madcap Laughs & Barrett Dbl-LP Set 1976 French Press/VERY NICE,60.00,10670440,18
"Miles Davis, Big Fun, 1974 Columbia PG 32866 2LP Gatefold Jazz Fusion",45.00,585865,20
TRACY CHAPMAN ‚Äúself-titled‚Äù 1988 Vinyl LP Elektra Records 9 60774-1  ‚ÄòFast Car‚Äô,75.00,761153,20
Gabor Szabo- Spellbinder- LP 1966 Impulse! A-9123,27.99,2126983,20
John Cale from Velvet Underground Paris 1919 vinyl LP 1973 U.S. 1st pressing,75.00,3208941,40
"Billy Harper Soran-Bushi, B.H. LP Vinyl Record Album Denon Japan Excellent Cond.",50.00,4590406,18
Depeche Mode Black Celebration 92 54291 Canadian Press LP NM -XTRA LPs SHIP FREE,59.99,24
TORTOISE ‚Äì MILLIONS NOW LIVING WILL NEVER DIE - VINYL LP BLACK THRILL JOCKEY A16,75.61,35
TOWNES VAN ZANDT ‚Äì FLYIN' SHOES - VINYL LP TOM-7017 1978 TOMATO - VG+ - A5,69.06,24
Kaleidoscope / Beacon From Mars / Epic Stereo 26333 / 1967 / Play Graded VG,25.00,48
Pharaoh's First LP Vinyl Record Pharoah Sanders 1969,200.00,80
THE CURE: Three Imaginary Boys~Rare Post Punk DJ/Promo Album~UK Import~FICTION,379.99,40
Yusef Lateef Psychicemotus  A-92 Impulse Records Stereo 1st ed LP Near Mint,69.99,30
"Nick Drake lp ""Five Leaves Left"" Antilles 7010",75.00,1695929,50
SHYLOCK - Gialorgues 8001 Vinyl LP Rare 1977 French Import - Ultrasonic Cleaned,94.95,2874376,65
Pylon Chomp Vinyl LP 1983 DB RECS DB65 NM/EX,75.00,35
Fairchild 1978 Flight Records Private Press Prog Rock Minneapolis GREAT!,50.00,25
George Michael - Faith - Columbia Records Orig. 1987 Vinyl LP C 40867 Insert,33.00,18
Tron~Wendy Carlos Soundtrack~1982 Vinyl CBS Records~BL-37782 Near mint,35.00,20
"New Order ""Substance 1987"" 2xLP ~ Original Press ~  Qwest 1-25621 ~ Embossed",175.00,28884,30
THE SMITHS Rank LP VG+ 1988 Sire Records Plays Well 1-25786 Morrissey ,113.83,1061627,20
The Cure Show Vinyl LP Vinyl:Near Mint/ Sleeve Near Mint,225.00,1004498,150
Minutemen Double Nickels On The Dime 2X lp 1984 1st Press Gatefold NM/EX++ NICE!,179.99,421057,100
"The Residents ""Eskimo"" Vinyl Record ESK 7906",22.99,587514,15
"Faith [LP] by George Michael Vinyl  Oct-1987 Columbia USA",34.99,4504601,18
THE REPLACEMENTS Boink!! LP Import Glass MGLALP 016 Original 1986 Rare,65.00,1842975,30
Rasputin's Stash Devil Made Me Do It Vinyl LP,19.99,1924353,15
The Smiths Self Titled Album Used LP Allied Pressing 1984 VG+ 1-25065,64.20,501464,45
RAMONES ‚ÄòRocket to Russia‚Äô 1977 PROMO Vinyl LP ~ Ultrasonically Cleaned,100.00,1288854,35
RIDE Nowhere Vinyl LP 1990 Creation 1st UK Press Embossed Sleeve VG+/EX,145.00,383011,50
"Minutemen, Buzz Or Howl Under The Influence Of Heat, 12‚Äù Vinyl, 1983, NM-, Punk",70.00,36
EDDIE GALE Ghetto Music LP BLUE NOTE BST 84294 US 1968 RVG Spiritual,508.99,872192,150
"SECESSION A Dark Enchantment 1987 Siren UK IMPORT VINYL Record LP SRNLP-11 12""",165.00,140287,25
Rare Private Press Prog Rock Houston TX Original Pressing The Relayer Album VG+,50.00,5206411,12
Private Press Jazz Funk Fusion Prog Amazing Jams OG Press Clareon LP EX Vinyl ,26.00,5272731,22
Miles Davis Pangaea CBS Sony 36AP 1789/90 Japan Import 1979 2 LPs w/Insert,200.00,1942850,45
Sonic Youth Evol 1986 1st Press Excellent Condition Vinyl LP  Complete,175.00,843885,75
"Sonic Youth Confusion Is Sex. 1987 SST Repress SST096, NM- Complete!",80.00,843894,25
Sonic Youth Bad Moon Rising BFFP 1 / HMS 016 1985 1st Press Excellent,75.00,381545,30
Sonic Youth Washing Machine Vinyl 2xLP 1995 Geffen Original US Pressing,200.00,1448288,75
Sonic Youth Experimental Jet Set Trash & No Star DGC-24632 1st Press In Shrink,125.00,703500,40
The Smiths - Meat Is Murder 1-25269 Rough Trade Vinyl LP EXC,38.99
"The Counts ‚Äì Funk Pump, 1974 LP, Aware ‚Äì AA 2006",24.99,589287,15
Masayoshi Takanaka The Rainbow Goblins 2LP Japan Vinyl 1981 36MK9101 W/OBI VG++,100.00,1225604,35
"THE SMITHS Strangeways, Here We Come 1987 LP Vinyl Record Album : EX/EX 1-25649",62.95,25
"PYG - Pyg! Original First Album LP (RARE Japanese POLYDOR, w/OBI nm/vg++",110.00,2287677,25
The Velvet Underground - White Light / White Heat Original LP NM Shrink,550.00,60
Fela Kuti F.E.A. Vinyl LP Afrobeat Nigeria Warner Bros,99.99,60
Sonic Youth Daydream Nation LP - Rare 1988 Press 775403-1 - w/ Poster - NM Vinyl,149.99,80
Depeche Mode Music For The Masses Vinyl Record LP,29.50,30
Wire - IBTABA 1989 Vinyl LP Enigma 7735161,28.00,15
Tron~Wendy Carlos Soundtrack~1982 Vinyl CBS Records~BL-37782,45.00,20
EMPRESS s/t PRELUDE LP VG+ Promo WLP Disco Boogie Funk Dyin‚Äô To Be Dancin‚Äô,39.95,22
New Order Substance 1987 Vinyl Record Album,50.00,35
Ippu-Do - Night Mirage LP 12‚Äù Vinyl Record Epic 25506 Holland Netherlands NM,60.00
East Side Story Vol. 4 Lp Vinyl Original First pressing Trenton Chicano Lowrider,177.77
EL TOPO OST LP Orig Plays Well 1971 Apple SWAO 3388 Alexandro Jodorowsky ,113.81
JOHN and ALICE COLTRANE Cosmic Music LP VG+ Plays Well 1974 ABC Impulse Vinyl,109.98
NEW ORDER Brotherhood LP VG+ Plays Well Orig 1986 Qwest Vinyl 125511 SRC,109.96
JOY DIVISION Closer LP Spain VG+ 1981 Edigsa 19L0094 Factory XXV Vinyl,102.19
DEAD KENNEDYS- Frankenchrist 1ST Press Vinyl LP 1985 Hype Sticker No Poster,29.99
G.I. Gurdjieff Sacred Hymns Vinyl Record,15.00
Brian Eno - Another Green World LP Island Records ILPS 9351 1975 1st Pressing,39.99
DONALD BYRD Ethiopian Knights LP BLUE NOTE 84380 US 1972 RVG Bobby Hutcherson,28.49
The Smiths - Strangeways Here We Come LP Vinyl Record Album 1987 Press,39.95,497888,28
Anthony Braxton ‚ÄìCreative Orchestra Music 1976 LP 1976 Arista AL 4060 Jazz Avant,19.99
LYN COLLINS Check Me Out If You Don't Know Me By Now PEOPLE PE 6605 US 1975 Funk,80.99,398371,30
HORACE TAPSCOTT Songs Of The Unsung LP INTERPLAY RECORDS IP-7714 US 1978 JAZZ,52.99,2427627,35
"Bitches Brew Miles Davis Vinyl LP Record Columbia CS 9995 1st Press 12""",50.00
Peter Bauman. Romance 76. VG+ Vinyl LP. Promo. 1976 Original. VG Cover. ,11.99
MOUSE ON MARS Idiology LP Domino EU 2001 original pressing Vg/ NM,39.95
The Lat-Teens - Fuego a la lata | Rare C-1044 Mono,164.99
The Stooges Funhouse Fun House Vintage US LP Vinyl 1983 Press Vg+ 74071,39.99
Cal Tjader / Carmen McRae - Heat Wave 1982 Jazz Vinyl Record,11.29
"Trans Am - RED LINE, 2000 Thrill Jockey 1st Press, Vinyl LP Record VG/NM",44.95
MANDRILL Self Titled LP  1971 Polydor Records Album Vinyl 1st Press funk soul EX,49.99
MTUME UMOJA ENSEMBLE alkebu-lan land of blacks  ( jazz ) 2LP 1972 - RARE -,500.00,1092929,200
Depeche Mode - Some Great Reward - Original 1984 Sire Records 25194-1 Excellent ,24.99
Money Jungle LP Vinyl Record Duke Ellington,175.00
Jon Hassell / Brian Eno - Fourth World Vol. 1 - Possible Musics (LP) (Very Good ,40.25,1014390,21
THE SMITHS Self-Titled 1984 LP Vinyl Record Album Morrisey : EX/EX 1-25065,69.95
"Emil Richards LP New Sound Element ""Stones"" 1967 Moog Synth Psych VG/EX",45.00,10380023,45
FELA ANIKULAPO KUTI Black President 1984 LP CAPITOL SN 16292 Afrobeat NM Vinyl,24.99
ALBERT AYLER New Grass ORIG 1969 LP Impulse AS-9175 Stereo EX Vinyl,49.99
Esper LP Home Grown Sounds of Rush 1975 Experimental Marijuana EX/EX,40.00,5791927,25
Brian Eno - Another Green World LP Island Records ILPS 9351 1975 1st Pressing,39.99
BAUHAUS Mask UK 1st Pressing on BEGGARS BANQUETBEGA 29 WEA Pressing 1981 VG++,45.00
SHIRATI JAZZ --- BENGA BEAT --- CARTHAGE RECORDS --- CGLP 4433 --- RELEASED 1987,42.00
Pat Martino ~ Footprints ~ Vintage LP 	Muse Records ‚Äì MR 5096,29.99
New Order Power Corruption & Lies 1983 LP Factory FACTUS 12 Die Cut Age Consent,40.00
THE VOICES OF EAST HARLEM 1973 Just Sunshine Gatefold excellent,30.00
No Doubt ‚Äì Tragic Kingdom LP Vinyl Original Press Interscope 1995,75.99
GANG OF FOUR Solid Gold Seminal Post Punk  '81 1st US Pressing EMC 3364 LP NM,32.00
BLACKHOUSE Hope LP Vinyl Rare LIMITED EDITION Electronic Experimental INDUSTRIAL,50.00
"Jim Hall ""Concierto"" LP 1975 MONO Gate CTI Van Gelder VG",25.00
"The Fall I Am Kurious Oranj Vinyl LP Beggars Banquet Label, RCA Publicity Insert",49.99
Killing Joke Outside The Gate Original 1988 Pressing Cover in Shrink but DAMAGED,24.99
"Sonic Youth Daydream Nation 1988 Original Pressing 2 LP Record Album, VINLY ONLY",84.99
UNPLAYED BY HUMAN HANDS LP Computer Humanities 9771 Experimental Instrumental,19.99
Mikki LP Promo Album 1982 FEMALE ELECTRO FUNK DISCO VG+ 80's HEAR!,21.11
Gabor Szabo - Jazz Raga 1967 Impulse AS-9128 1st Pressing Stereo (Van Gelder),50.00
The Velvet Underground ~ White Light/White Heat (Verve 1985) Vinyl LP,22.00
S√©bastien Tellier Sexuality LP Album Vinyl Record VG+/VG+ PINK ORIGINAL,100.00
ART BEARS Hopes And Fears 1978 UK Re 2188 Gatefold LP Dagmar Krause Henry Cow NM,124.99
Indigo Girls  Strange Fire  Indigo Records Black Vinyl  LMM II Nice Copy,120.00
"Clarence Reid,  Running Water, 1973 1st Alston, SD-7027, VG/VG",39.95
Cocteau Twins HEAD OVER HEELS 1984 Promo LP SMS Japanese Pressing Near-Mint Disc,125.00
"Terumasa Hino Sextet  ""Fuji"" 1976 Near Mint LP Post Bop Free Jazz Avant Garde",15.00
MAKAHA SONS OF NI'IHAU No Kristo LP POKI Hawaii Israel Kamakawiwoole TESTED EX+,64.98
Melvins Ozma 1989 Promo Vinyl w/Inserts Sludge Metal Boner Records,100.00
The Deviants #3 Italy Transatlantic Press Vinyl Lp,110.74
1984 BIG BLACK Songs About Fucking T&G LP #24 Touch & Go vinyl record 5pix,39.99
1983 CABARET VOLTAIRE The Crackdown Virgin CV-1 vinyl LP record UK press 3pix,14.99
"NEW ORDER ""Power, Corruption And Lies"" LP 1883  Factory (US) ‚Äé‚Äì FACTUS 12 DieCut",54.95
Mal Waldron Blues For Lady Day LP Arista AL 1013 Promo Jazz,44.99
Screaming Trees Clairvoyance Vinyl Record Album First Press!,300.00
Fugazi Instrument Soundtrack 1999 UK Pressing Ex  Dischord Records Post Punk LP,50.00
"Joni Haastrup - Wake Up Your Mind Original Press on Afrodisia, cover is repress",100.00,1538662,150
African Brothers Band International ‚Äì Agatha 1981 Makossa Highlife Vinyl,45.00
Camera Obscura My Maudlin Career Vinyl 2009 Record LP,16.00
Fay Akam Ambrey ‚Äì Pourquoi Fuir Moi Disques Soukous Vinyl,35.00
afro disco funk boogie 12‚Äù JUNGLE BAND Jungeland MP3 American Records Electro,18.74
MIRAH college park is always ready to party SIGNED #'d vinyl LP 32/500 RARE,189.00
De La Soul - 3 Feet High And Rising Vinyl LP Album 1989 First Release,49.99
"Jackie Mclean, Mcleans Scene, 1965 Prestige Mono, #8212, Van Gelder, VG+/G+-VG",55.95
DONALD BYRD Electric Byrd Jazz Vinyl Record LP BLUE NOTE R.Carter VAN GELDER RVG,25.99
Laraaji - Essence / Universe LP Vinyl Record EX/EX,55.00
Donald Byrd Ethiopian Knights Jazz Vinyl Record LP Blue Note Funk Hutcherson NM,21.99
BLASTMASTER RADIO (KEEP THE RADIO CLEAR) ~ 2 LPs 1988 EX ~ SAMPLE BEATS ACID,50.00
TLC ‚Äì CrazySexyCool LP Record 1995 LaFace R&B Hip Hop 33‚Öì RPM,9.99
THAINAADU Tamil Aabavaanan Musical LP Record,55.00
"A Tribe Called Quest ‚Äì People‚Äôs Instinctive Travels‚Ä¶ (1996 Reissue, Jive) LP",36.00
FELT Ignite The Seven Cannons Cherry Red France VG+ w/ Lyric Sheet Cocteau Twins,39.99
Lonnie Liston Smith & The Cosmic Echoes Visions Of A New World Orig NM LP CLEAN,54.00
THE SHOPPE - The Shoppe  1980,12.99
DOUGIE MACLEAN / SNAIGOW ~ 1980 U.K. Plant Life PLR 022 Album ~ NEAR MINT,33.00
"DEAD BOYS "" YOUNG, LOUD, & SNOTTY ""  RECORD  LP ACID PSYCH",49.99
"Stereolab vinyl - Pulse Of The Early Brain. HTF Limited Numbered 3xLP, 2022. EX+",39.49
"DEAD BOYS "" WE HAVE COME FOR YOUR CHILDREN "" ALBUM  LP ACID PSYCH PROMO COPY",49.99
HERBIE HANCOCK MAIDEN VOYAGE BLUE NOTE BST84195 REPRODUCTION US VINYL LP,26.99
Leather Nun ‚Äî Slow Death Criminal Damage Records Vinyl LP Industrial,45.99
"John Davis  ‚Äì Pure Night - Shrimper Records,Vinyl,LP,Lo-Fi Rock,Indie Rock ",6.99
EP:  CINDY LEE - Cat O' Nine Tails REISSUE,45.00
Talk Talk - The Very Best Of - 1988 EMCJ (L) 7939761 Vinyl LP EXC,59.99
Sebadoh Bakesale 1994 LP Vinyl First Pressing,99.00
MEAT PUPPETS Meat Puppets II RARE 1984 SST Records Vinyl Album LP Curt Kirkwood,99.95
John Cage Sonatas And Interludes For Prepared Piano Vinyl LP First Press Dial,200.00
Vintage 80's The Fall ‚Äì Bend Sinister Vinyl  (Beggars Banquet BEGA 75 UK),84.99
"Music Inc. Tolliver McBee Hopps Cowell SES-1971 (Vinyl LP, 1971)",125.00
Eiko Ishibashi Drive My Car Original Soundtrack 2021 Vinyl LP NM/NM,89.99
MORT GARSON Mother Earth's PLANTASIA 1976 1st Press Homewood H-101 Vinyl LP,275.00
"Emily Sprague - Cloud Time (LP, Ltd, Clo) (Mint (M)) - 3873377431",25.00
"The Meat Puppets ,Out my Way, Vinyl LP. First pressing .SST records.",35.00
"BARRETTO-EYE OF THE BEHOLDER 12"" Vinyl 1977 ",24.99
Holy Modal Rounders Indian War Whoop ESP-Disk 1068 Vinyl LP Ultrasonic Cleaned,19.27
The Meat puppets Mirage vinyl LP. 1987. mint. original pressing.SST records,30.00
"The Meat Puppets, Up on the Sun vinyl LP. 1985 original pressing. ",35.00
Bob Thiele w/ California Dreamers Light My Fire PROMO Impulse lp Psych Jazz,99.99
H.P. Lovecraft II Vinyl Record LP 1968 Philips Psyche PHS-600-279,30.00
Pixies - Surfer Rosa - US First Press 1988 - Vinyl LP - 4AD - CAD 803  VG+/VG+,175.00
The Deep Six - The Deep Six OG First 1966 MONO Press (VG+) Vinyl LP LRP-3475,30.00
GROUNDHOGS - Thank Christ for the Bomb (1970 Liberty) VG+/EX-,36.00
Charles Wright Watts 103rd Rhythm Band You're So Beautiful RARE 1971 PROMO (VG+),15.00
Birtha - Can't Stop The Madness RARE 1973 OG Press (VG+) Vinyl LP DSX-50136,28.00
GEORGE MICHEAL - Faith 1987 1st Press LP Vinyl EX,34.99,4504601,18
Van Der Graaf Generator The Quiet Zone Pleasure Dome RARE 1977 Early/1st UK (VG+,25.00
Randy Weston LP Piano A la Mode,9.75
Randy Weston ex / m- cc GF LP same self title,8.49
"Various ‚Äé‚Äì Kill Rock Stars / Kill Rock Stars ‚Äé‚Äì KRS-201 Format: Vinyl, LP, EX/EX",100.00
Heaven- Knockin‚Äô On Heavens Door( OG 80s Rock OG Inner Vinyl Record),17.77
1966 MARION CRUME & NANCY CURRY The Rainy Day Record G/F LP Bowmar 2060 VG-/VG+,12.99
Ray Barretto Irresistible Vinyl 1989 Fania JM 658 SALSA LP NM/EX!,19.99
"Gal Costa ""Gal Tropical"" LP vinyl Brazil w/ Poster 1979 Bossa Nova",20.00
Ronin - Self-Titled S/T 1980 Vinyl LP OG Mercury Press Ultrasonic Cleaned Tested,7.67
Dead Kennedys - Give Me Convenience Or Give Me Death (LP) (Near Mint (NM or M-)),34.95
"The Mandrake Memorial ‚Äì Puzzle 12"" Vinyl Album LP Psychedelic Rock Poppy Records",34.45
Sebasti√£o Tapaj√≥s ‚ÄúGuitarra Criolla‚Äù Rare Vinyl LP album (brazilian Guitar),29.00
"Bonnie Prince Billy 'I See Darkness' Vinyl LP Record, 1998 Pressing PR22",23.19,434784,15
"Pat Martino ‚Äì El Hombre 12"" Vinyl Album LP  Jazz Prestige ‚Äì PRST 7513",67.45,3056098,32
T. Rex Electric Electric Warrior LP [Reprise RS 6466] Gatefold,19.99
JOHN COLTRANE-HANK MOBLEY Two Tenors SCARCE PRESTIGE MONO LP Elmo Hope RVG Hear!,35.00
"INXS Kick VINYL LP ALBUM 1987 ATLANTIC RECORDS GUNS IN THE SKY, TINY DAGGERS",20.99,394397,15
Doug Watkins Quintet - Soulnik LP - New Jazz - NJLP 8238 RVG VG+,260.00
Afflicted LP The Afflicted Man‚Äôs Musical Bag rare 1979 UK punk kbd btf ,99.99,1529473,45
NIK RAICEVIC - HEAD  Vinyl LP - BUDDAH Records ULTRASONICALLY CLEANED OOP,9.99,582895,20
LEONARD COHEN Songs Of Leonard Cohen Original Vinyl & Songs From A Room LP,14.00
"Pink Floyd - The Piper At The Gates Of Dawn( In Shrink , Mono Vinyl Record)",31.11
"TELEX-Snakes & Music-Stacey Pullen & Maurice Fulton Mixes-12"" Vinyl LP-UK Press",7.99
Meat puppets Monsters vinyl lp. SST first pressing 1989. Mint,25.00
Meat Puppets Huevos.Original SST rare first pressing 1987.,35.00
ORNETTE COLEMAN The SHAPE OF JAZZ TO COME MONO Vinyl LP Record Atlantic EX/EX,75.00

PHAROAH SANDERS Village Of The Pharoahs IMPULSE VG+,50.00
HORACE PARLAN ‚ÄúArrival‚Äù Vinyl LP  Steeplechase SCS-1012 (Denmark) Trio Quintet,45.95
The Smiths - Louder Than Bombs 2LP - Sire/Rough Trade 1987 Tested and Working ,99.99
"Fuzzy Logic Fuzzy Logic?! 12"" Grey Marbled Vinyl 1995 ORIG Sonic Clean EX/VG",29.23
Joachim Kuhn Hip Elegy Feat. Alphonse Mouzon Lp 1976 ORIG Germany Import VG+/VG+,49.99
Omega III Lp 1975 ORIG Germany Quadrophonic Press Ultrasonic Clean VG+/VG,52.99
Sylvester - Step II (LP) (Near Mint (NM or M-)) - 3906680983],12.10
Bobby Caldwell Carry On 1982 Vinyl Record LP PolyGram Records,14.99
"KATE BUSH ""The Kick Inside"" 1978 EMI AMERICA Vinyl  green label VG+/VG+",24.95
"Soul Children / Finders Keepers / Epic PE 33902, 1976 US LP / Producer Don Davis",30.00
Iliad Distances Vintage Vinyl LP 1976 Northern Lights Record NL-6175,44.00
ALESSANDRO MENDINI Architettura Sussurrante Ariston ARLP/12408 Italy  LP rare NM,75.00
BRIAN ENO ‚ÄòDiscreet Music‚Äô 1978 UK Pressing Vinyl LP Ultrasonically Cleaned,18.00
PERE UBU: THE TENEMENT YEAR VINYL LP ENIGMA D1-73343 : EX/EX Ultrasonic Cleaned,24.99
Archie Shepp Kwanza Vinyl LP Original 1974 Impulse quad gatefold VG+/VG,23.99
"Bauhaus - Bela Lugosi's Dead 12"" (1979, Small Wonder) UK 1st Press, VG+/VG",50.00
"Calexico - The Black Light, Vinyl LP, 1998, NM",54.99
"Browning Bryant, Patches, (LP, Ind), VG+, 4006264084",14.99
"Big Black Bastard B.B.B. ""I Want You to F__k Me"" (12"" Vinyl Single)",49.95
YUSEF LATEEF Autophysiopsychic ART FARMER - 1977 Jazz Funk LP Record Album,40.00
AHMAD JAMAL At The Top/Poinciana Revisited LP 1ST PRESS 1969 ABC/IMPULSE AS-9176,36.00
MUTABARUKA-CHECK IT-LP-Vinyl-Record-Album-Raggae,14.99
"GINA X - Yinglish  (OG/Original 1984 UK Press Vinyl LP + Bonus 12"") W/Lyrics",14.99
THE CURTIS FULLER SEXTET-SLIDING EASY VINYL 1959,228.00
Bruce Palmer The Cycle Is Complete 1970 Verve Forecast FTS 3086 Psych Folk Rock,150.00
Calexico Hot Rail Quarterstick Records QS62 LP Tucson 2000 OG,18.99
Don Cherry Live In Stockholm Vinyl Double LP,29.95
BOBBI HUMPHREY - Blacks And Blues 1973 BLUE NOTE RECORDS BA-LN142-G,32.50
J.B.'S INTERNATIONALS - JAM II DISCO FEVER - SOUL LP   (20103),25.00
BANG BANG YOU‚ÄôRE TERRY REID 1968   EPIC  VG+/VG++  VINYL LP RECORD,33.99
YUSEF LATEEF~LIVE AT PEP'S LP (1965) JAZZ IMPULSE! A-67 STEREO VAN GELDER,35.00
T. Rex Electric Warrior Vinyl LP,25.00
First press Latin jazz lp MILT JACKSON Jazz n Samba 1965 Impulse A-70 mono PROMO,49.95
O‚ÄôDONEL LEVY-THROUGH A SONG VINYL 1982 JAZZ FUNK SOUL RARE,195.00
EBERHARD WEBER THE FOLLOWING MORNING NM/NM- VINYL LP ORIG '77 ECM MASTERDISK,24.95
EBERHARD WEBER Fluid Rustle UNPLAYED NM++ LP ECM ORIG Gary Burton BILL FRISELL,29.95
John Coltrane: Impressions LP Impulse Gatefold Stereo Original NM Vinyl,225.00
Nohelani Cypriano In The Evening Private Hawaiian Modern Soul Disco Funk VG++ LP,74.99,3183433,30
Sunburned Hand Of Man - Headdress on Three Lobed PURPLE vinyl VG+ VG+ Limited Ed,19.99
The Cure Kiss Me Kiss Me Vinyl 2 Record set 60737-1 Elektra Asylum VG DMM,65.00
24 Carat Black - III (LP) (Very Good Plus (VG+)) - 3628124838,29.95
Ken Kesey - The Acid Test (LP) (Near Mint (NM or M-)) - 3148176239,29.95
Brainticket - Psychonaut (LP) (Near Mint (NM or M-)) - 3148051109,29.95
TAD Vinyl LP Lot Salt Lick 8-Way Santa Incineration Ceremony Alt Rock Grunge,48.00
Odell Brown - Odell Brown (LP) (Near Mint (NM or M-)) - 3687391516,29.95
Jon Lucien ‚Äì Song For My Lady LP Vinyl Record Album PC33544 Funk Soul,10.00
Inflite First In Flite Vinyl LP Record OG First Press Very Nice Copy!,60.00
Sven Wunder - Eastern Flowers LP NM shrink jazz sitar psych ltd 300,50.00
"JOAO DONATO ""The New Sound Of Brazil"" 1965 Stereo LSP-3473 Bossa Nova Piano NM-",34.95
JOHN COLTRANE A Love Supreme LP IMPULSE! AS-77 US 1967 JAZZ RVG Elvin Jones VG+,246.95
MASAYOSHI TAKANAKA - Can I Sing? Vinyl Record LP (1983),48.00
"Screaming Trees ‚Äì Buzz Factory -  Vinyl LP, Ex.  Ex. In the Shrink. 1989 SST 248",29.99
John Coltrane Plays Chim Chim Cheree LP Impulse A-85 STEREO VG+/EX First Press,79.99
Jon Lucien - Minds Eye üëÅÔ∏è LP OG Pressing VG+ 1974 RCA Funk / Soul,30.00
Depeche Mode Black Celebration Vinyl LP 1985 ,39.00
Ornette Coleman Contemporary LP NM  STEREO Red Mitchell Don Cherry pre OJC,38.98
Ramones PLEASANT DREAMS vg++ 1981 Sire LP Punk Rock,28.98
BUTTHOLE SURFERS Cream Corn EP 1985 Touch & Go ORIG US PRESS  *MINT*,45.99
Forbidden Zone Soundtrack Danny Elfman Oingo Boingo 1st 1983,74.99
Kraftwerk Self Titled 6641 077 UK Gatefold Double Record 1972 incredible discs,174.99
Unsane Singles 1989 - 1992 Matador Records,49.99
Violent Femmes 1982 1983 1st Press ? Self TItled Debut Record a beauty 1-23845,124.99
The Vaselines Dum-Dum Vinyl LP 53rd & 3rd  1989 Original and nice copy,199.99
Jorge Ben ‚Äì Africa Brasil Brazil 1976 FIRST PRESS Jazz  Soul Music Vinyl VG+ ,119.99
"Syd Barrett, The Madcap Laughs, 1974 US Original 2LP VNL Harvest SABB-11314 PG",145.00
D‚ÄôAngelo & The Vanguard ‚Äì Black Messiah (2014 OG 2xLP MASTERDISK) NM/EX,94.99
IDRIS MUHAMMAD BLACK RHYTHM REVOLUTION! LP RARE GREEN LABEL ISSUE,54.99
1975 Sonny Stitt ~ Dumpy Mama ~ Flying Dutchman BDL1-1197 ~ LP Vinyl,14.99
Temper No Favors LP Vinyl Record Album MCA-23506 Boogie Disco Funk Soul,14.00
24 Carat Black Ft La Deana Remember LP Vinyl Record Album,18.00
"TANYET   "" CEYLEIB PEOPLE "" LP RECORD VAULT LP/SLP 117",17.99
Lonnie Liston Smith & The Cosmic Echoes Reflections Of A Golden Dream LP...,20.00
Fela Anikulapo Kuti  Shuffering And Shmiling LP,25.00
"Tony Rallo And The Midnite Band, LP, Promo, VG+, Burnin Alive, NBLP-7187-DJ",11.00
MELVINS Gluey Porch Treatments LP Alchemy Records Original Dale Buzz,269.99
HEARüëÇDon Cherry Complete Communion Blue Note LP Gato Barbieri Henry Grimes EX,59.99
Fela Anikulapo Kuti  Zombie LP,25.00
Fugazi - Repeater LP Vinyl Record Discord Records NM-,16.00
More Eaze & Claire Rousay - No Floor (LP) 2025 US (M),24.99
The Jesus And Mary Chain - Darklands LP Warner Bros. Records ‚Äé‚Äì 9 25656-1 1987,120.00
Eberhard Weber Colours - Silent Feet  VG+/VG+++ VINYL LP ECM Germany 1st Press,49.95
Fela Anikulapo Kuti  Army Arrangement ,25.00
The Smiths Hatful of Hollow LP Vinyl First UK Pressing 1984 Black Sleeve. ,42.00
The Smiths Strangeways Here We Come vinyl record  Sire 9256491 1st Press 1987 NM,74.99
The Cure Disintegration 1989 LP ORIGINAL 1st US Press VG+/VG+ w/Inner TESTED HTF,125.00
Swervedriver - Raise 1991 LP original US pressing A&M Records (VG+),70.00
The Replacements - Tim 1985 original viny Sire 9 25330-1 SRC Pressing (VG+),50.00
"Caamp - ""Copper Changes Color"" - LP Album",25.00
CAL TJADER Soul Sauce US Stereo LPSW-90446 ,20.00
The Bernie Leadon-Michael Georgiades Band ‚Äì Natural Progressions ‚Ä¢ LP Record,14.95
Kate Bush Never For Ever 1980 Canada LP Harvest EMI STAO-6476,19.99
Buy The Contortions ZE Records 1979 Avant Garde Punk,67.50
UNWOUND The Future Of What LP Kill Rock Stars - OG Press,67.50,557674,30
Joy Division- Still - Orig. Rare Double Vinyl LP [Portugal] (Fact-111-19/20),187.50
"CHROME half machine lip moves SIREN 12"" LP 33 RPM With Poster Insert 1979",187.50
Zombi Original Motion Picture Soundtrack Goblin Dawn Of The Dead LP Cinevox Rare,32.00,254488,27
The Explosive Side Of Joe Panama LP by Joe Panama vinyl Canadian import VG+,50.00,5706177,18
ULTIMATE SPINACH - Self Titled LP Vinyl VG/VG,13.99,1972400,18
MARION BROWN Sweet Earth Flying IMPULSE VG+,60.00,517791,36
"Roland Kirk, Domino, 1962 1st Mercury Stereo, SR-60748, VG+/VG+",39.95,441281,18
LOVE - Forever Changes (1967 Orig Pressing) Vinyl Record LP Monarch VG,49.99,2634224,18


Kashif - Kashif LP Arista AL8-8164 Stereo 1983 VG+/G,25.00,591339,15
The Smiths ‚Äì The Queen Is Dead ‚Äì LP ‚Äì US Promo ‚Äì Sire 1-25426,62.00,429319,40
"Eno Moebius Roedelius After the Heat LP Vinyl 12"" 33 RPM Sky Records",45.00,116501,28
Fuzzy Haskins - A Whole Nother Thang (LP) (Near Mint (NM or M-)) - 4017448504,55.00,574816,30
Karlheinz Stockhausen Telemusik ¬∑ Mixtur LP Vinyl Deutsche Grammophon Avant-gar‚Ä¶,10.49,168288,12
Elizabeth Cotten - Vol. 2 Shake Sugaree 1967 Folkways FTS 31003 Vinyl Record EX,75.00,1762342,25
GEORGE MICHAEL - Faith (1987 album) LP Record C 40867 W Sleeve Original Wrapping,30.00,4504601,18
R.E.M. REM Murmur Vinyl LP Record Original Inner Sleeve 70014 1983,25.00,4480150,25
Donny Hathaway - Live LP (1972) Tested,60.00
Vintage R.E.M. REM Document 1987 LP Vinyl Album Record IRS-42059 MCA,25.00
Vintage R.E.M. REM Green LP Vinyl Warner Bros Records 1988 Original Sleeve,39.00
"Cymande ‚Äì Cymande , Vinyl, LP, Album, Stereo,  Gatefold US  Sep 1972",220.00
Malombo S/T Kaya Label LP,69.99,544453,12
Depeche Mode ‚Äì 101 Vinyl 2xLP US 1989 W/ Booklet -  Sire ‚Äì Mute ‚Äì 1-25853,90.00
R.E.M. REM Reckoning Vinyl LP Record Original Inner Sleeve 70044 1984,35.00
FAITH NO MORE Introduce Yourself SLASH LP 1987 LP Record Vinyl 1-25559,40.00
1986 LP REM Life's Rich Pageant International Record Syndicate IRS-5783 R.E.M.,25.00
Sylvia Telles Lp The Wonderful Songs Of Antonio Carlos Jobim (1966) Rare - Vg,24.00
The Told and Joachim Kuhn Quartet - Impression of NY - Impulse Stereo  NM,32.99
Michael White - Where Are You Now -:::VERY RARE:::- Vinyl Record Lp,160.00
"Steve ""Silk"" Hurley & The Voices Of Life Feat. Sharon Pass ‚Äì The Word Is Love",32.50
FLAMING LIPS Yoshimi Battles The Pink Robots 2002 1st Pressing LP PIAS 10 NM+,55.00
Pat Martino:  Starbright ~ Warner Brothers Records BS 2921 LP 1976,25.00
THE SMITHS The Queen Is Dead SIRE LP Gatefold US Press Promotional Stamp HTF ,99.99
Unity Dance Gunter Hampel And His Galaxie Dream Band 1973 LP Germany Birth NM,79.99
"The Faith Tones Jesus Use Me Vintage Vinyl LP Record Rare, Sought After 1964",200.00
Le Tigre This Island Vinyl,40.00
Sin√©ad O'Connor - I Do Not Want What I Haven't Got (LP) (Near Mint (NM or M-)) ,49.99
The Ramones - Pleasant Dreams 1981 Vinyl Original First Pressing Sire,25.00
Thorinshield ‚Äì Thorinshield - 1967 - Philips ‚Äì PHS-600-251 - Vinyl LP - EX,19.99,2766401,12
Olivia Wyatt/Bitchin Bajas - Sailing a Sinking Sea Vinyl LP + DVD VG,39.99
"BIG STAR #1 Record promo c/o LP, 1972 Ardent ADS2803, see description for rating",450.00
Ramones - Subterranean Jungle LP 1983 Original Pressing Vinyl Sire,22.00
"Unsane Scattered, Smothered & Covered LP 1995 Amphetamine Reptile Records U.S.",99.99
Kashif~Love Changes~hype With Printed Inner Sleeve~1987 Contemporary R&B / Soul,24.00
CHARLES MINGUS THE BLACK SAINT & SINNER LADY US IMPULSE MONO LP COVER / Worn Lp,40.00
TORTOISE Millions Now Living Will Never Die 1996 1st Pressing NEAR MINT,48.00
HOWARD WALES JERRY GARCIA - Hooteroll? LP Vinyl VG+/VG+ ,33.99,2756801,25
"Blue Mitchell - Graffiti Blues vinyl , Japan - Import",35.00
Cajmere Underground Goodies Vol. VI 1994 Cajual Records CAJ-219-1 Chicago House,15.00
"CYMANDE - Self Titled LP (1972, US Original Pressing, Janus Records JLS 3044) NM",150.00
Q-Tip The Renaissance 2LP Vinyl 2008 Original Pressing Motown,140.00
HEARüëÇKenny Dorham The Swingers Jazzland Mono OG DG Rare Original 1960 LP VG+,49.99
Sikalo -Rare African Musical/ Electrosonic Clean!,30.00,8546877,10
Donald Byrd Up Up Up LP Vinyl,50.00
RADKA TONEFF Winter Poem 1981 Gatefold Reissue LP Used! Zarepta Norway Jazz,40.99,1939468,25
"Sandy Denny ""Sandy"" released in  1972 on A&M Records",25.99
[MINT] Eclipse ‚Äì Makin' Tracks - Vinyl/LP - 1984 Funk/Soul - Bonsai records,39.99
SONNY CHARLES The Sun Still Shines 1982 SOUL FUNK DISCO LP on Highrise #HR102AE,9.38
ANDREW HILL Compulsion BERT AGUDELO LACQUER CUT Stereo LP Used! Blue Note 84217,130.99
John Coltrane ‚Äì My Favorite Things LP Atlantic SD 1361,26.99
GERMS  (GI) - 1979 Rare Grey Slash Label 1-23932 Joan Jett Producer (EX/EX),120.00
Vinyl Sonic Youth A Thousand Leaves 2LP Record,28.00
ANDREW HILL Andrew!!! 1970 STEREO Reissue LP Used! Blue Note Liberty BST 84203,60.99
Yusef Lateef - In Nigeria LP 1985 Landmark Records LLP-502 VG+ / VG,26.00
"THE VELVET UNDERGROUND LP ""Loaded"" ORIGINAL 1970 COTILLION RECORDS",49.00
REV. T.O. HUDGENS From The Bottom Of My Heart LP Very Rare TOH Records #TOH-6532,50.00
SISTER DOUBLE HAPPINESS LP +Insert San Francisco Punk Alternative Gary Floyd SST,14.99
EDDIE HORAN Love The Way You Love Me Ex+ 1978 USA HDM Records Soul LP,15.81
SPACE PROJECT Disco From Another Galaxy APL12853 LP GOLD Vinyl  VG 1978 Has Wear,27.65
"Joe Henderson In Japan Milestone MSP-9047 1973 Jazz Live LP Vinyl 12""",90.00
Sonic Youth ‚Äì EVOL Clear Vinyl LP w/ Original Insert,24.99
KATE BUSH ~ NEVER FOR EVER  1980 EUROPE PRESS NM- TO UNPLAYED VINYL LP LOW$$,34.95
Belle and Sebastian ‚Äì If You‚Äôre Feeling Sinister Vinyl LP Jeepster,24.99
"George Michael ‚ÄúFaith"" with Poster Insert - Orig Vinyl LP 1987 OC40867",43.00
New York Dolls / SYLVAIN SYLVAIN Self-Titled RCA AFL1-3475 PROMO COPY 1979 NM/EX,24.96
KASHIF Self Titled ARISTA AL8-8001 LP Vinyl Mint-,29.00
The Smiths ~ Meat Is Murder Vinyl LP 1985 Sire Insert (1-25269) Promo/Hype! VG+,75.00
"LP-POSITIVE NOISE-Change of Heart-1982-Get Up and Go, Waiting for the 7th Man",8.99
AFRICAN SUITE Self-Titled (LP) 1980 PROMO MCA-3205 Richie Rome / NM,42.66
POLLEN S/T CANADA ORIG 1976 QUEBEC PROG ART PSYCHE w/ Mego Celine Dion LP album!,125.00
"The Smiths - Rank - Gatefold 12"" Vinyl LP 1988 Rough Trade Clean",75.00
REM R.E.M. Reckoning LP IRS SP 70044 STEREO 1984 VG +,32.95
Sonic Youth - Evol - OG W/ Lyric Insert 1986 SST Records,80.00
GRANT GREEN ‚Äì THE MAIN ATTRACTION - VINYL LP BLACK - KUDU RECORDS - VG+ - A4,25.09
TRASH FUNK ‚Äì DRUM DOWN THE HOUSE - VINYL LP BLACK - VG+ - A25,19.26
LP VINYL THE CURE ALBUM FAITH FICTION RECORDS fix 6 UK 1ST PRESS 1981 VG+,78.00
Tsunami - Tsunami RARE OG 1983 Press INSERT ENIGMA (VG+) Vinyl LP E 1032,13.00
The Cure - The Top - Promotional Vinyl LP,39.98
Bob Lumen-Let's Think About Livin' - Vitaphonic/Monophonic - W1396,80.00
Brian Eno- Taking Tiger Mountain By Strategy -1974 Vinyl LP - Island ILPS 9309 ,25.00
Soul Fingers LP Vinyl Record Morris Nanton,28.00
Love Forever Changes Elektra EKS-74013 First Pressing LP Record Clean,44.00
N/A Lp The Money Machine (1975) - Library Production Music ‚Äì Mm1 - Beats Breaks,19.99
BIG BLACK Lungs EP REPRINT INSERT ALBINI STOCK W/LETTER Used! 1982 Ruthless Chi.,175.99
CURTIS FULLER Soul Trombone Original 1962 Mono Impulse LP FREDDIE HUBBARD,100.00
Suburban Lawns Vinyl Record 1981,35.00
The Stooges Raw Power Lp Vinyl 1973 1st Press Hype/Insert VG+/EX Wax,349.99
Butthole Surfers Hairway To Steven Touch and Go Records 1988 GLP#29A Original,74.00
JANES ADDICTION - NOTHING'S SHOCKING vinyl record lp  warner,24.00
THE VELVET UNDERGROUND VU 1984 Verve Polygram Records 1984 422-823 VG+,35.00
George Michael Faith 1987 LP 40867 1st Press SHRINK Hype Sticker Vinyl,49.00
I.N.D. ~  INTO NEW DIMENSIONS ~ ERECT RECORDS WITH RARE b/w BAND PHOTO,59.99,2235574,75
New Order The Peel Sessions 1981 Vinyl Record 12‚Äù SFPS 039 Canadian Press NM,29.00,29053,10
Steve Reich Maxfield Oliveros ‚Äì Electronic Music LP 1967 Odyssey Avant-Garde 33‚Öì,64.99,478848,15
"RINDER & LEWIS ""SEVEN DEADLY SINS"" PROMO LP ** VG/VG ** PLAY GRADED **",25.00,202307,10
"M‚ÄôBOOM By Max Roach, Roy Brooks, Joe Chambers, Ray Mantilla, Freddie Waits ++ LP",40.00
SONIC YOUTH Hits Are For Squares Gold vinyl 2010 RSD DOUBLE LP Limited Ed,24.00
The Cure The Head On The Door Vinyl LP 1st Press 1985 Elektra ST-E-60435-1 Rare ,30.00
Ded - Resent [LP record],20.00
WILMETTE ‚Äì WILMETTE -  VINYL LP - X91,39.99
Alan Vega Saturn Strip Vinyl LP 60259-1 VG+ Shrink,24.00
"Black Messiah by D'angelo & the Vanguard (Record, 2015)",27.77
"B. Dolan LP ""LIVE EVEL"" vinyl 2008 Excellent SFR013 Strange Famous Records",12.85
Art Bears lp Winter Songs **Ralph Records** 1979 VG+ w/ insert,19.99
Fairport Convention lp Unhalfbricking **Carthage** EX Reissue shrink,24.99
Steve Reid  ‚Äì Rhythmatism LP 2004 UK Import Arthur Blythe Charles Tyler SoulJazz,60.00
Yusef Lateef lp The Golden Flute gatefold record impulse 9125 jazz NM Van Gelder,40.00
JOHN COLTRANE Ballads    Van Gelder original print Vinyl,86.98
"Yusef Lateef ""1984"" produced 1971  laminated IMPULSE VAN GELDER Vinyl LP ALBUM",10.00
WILLIE COLON/LAVOE ‚Äú CRIME PAYS‚ÄùFANIA RECüé∂CHE CHE COLEüé∂VEN PRESS/GATEFOLD/,39.99
LINDA LEWIS - LARK LP K 44208 REPRISE RECORDS 1972 w/Lyric Sheet!,23.00
Cabaret Voltaire - Micro-Phonies vinyl 1984 Virgin VL 2316 CA pressing,27.99
The Teardrop Explodes Kilimanjaro Original 1980 Vinyl LP UK Import,40.00
Liars - They Threw Us All In A Trench And Stuck ... - 1st UK Press 2002 LP - EX,29.00
"BARON VON OHLEN QUARTET 1973 LP, Creative World CW3301, Nice Copy VG++/VG++",100.00
Sambas De Enredo Das Escolas De Samba Grupo IA Carnaval 82 Top Tape VG+ LP #3782,14.00
"Melvins - Self Titled (Lysol) 12"" Vinyl 1992 Boner Records BR35-1 Tupelo TUP42-1",150.00
Ozma The Melvins Original Pressing 1989 Boner Records ,100.00
HSAS Through The Fire LP Quiex Vinyl NM Hagar Schon  TML-X MASTERED-Allied Press,24.99
Julian's Treatment ‚Äì A Time Before This 1970'  Lp Vinyl Record,65.00
Yusef Lateef Psychicemotus LP Impulse! AS-92 Rare! Vinyl Record 1965,79.99
ALICE COLTRANE PHAROAH SANDERS Journey In Satchidananda IMPULSE! AS-9203 US 1971,199.00
Sonic Youth Dirty Double LP Vinyl Record Alternative Rock David Geffen Label,125.00
Josefus Dead Guy Vinyl LP Record Texas Hard Rock Banger NM/NM Beautiful Copy,65.00
Jewel Pieces of You Vinyl 2xLP EX,20.00
"RIP, RIG & PANIC",45.00
Nik Pascal~The Sixth Ear~MOOG SYNTH~1972~Narco~Electronic Experimental Rare LP,25.99
Talk Talk - Spirit Of Eden [Used Very Good Vinyl LP] Half-Speed Mastering,28.30
HEARüëÇCecil Taylor Quartet Looking Ahead! Contemporary Stereo LP Shrink,34.99
"YUSEF LATEEF Club Date, 1976, LP Vinyl ABC Impulse SEALED",35.00
The Germs Gi Vinyl Produced By Joan Jett 1979,100.00
Gwen McCrae (Self Titled) LP - SD 19308 - VG+ VINYL IN SHRINK,22.00
Sonic Youth - Evol 1986 SST Records w/ Lyric Insert  VG/VG+/NM-,55.00
Patrice Rushen - Straight From The Heart LP 1982 Elektra Funk Soul VG,26.00
Black Flag Damaged Vinyl 1981 RR9956,30.00
Decline Of Western Civilization Part II Metal Years Album Vinyl LP SEALED,39.95
Strange Behavior Animation Polygram Records 1986 Stereo LP  Mint-,19.99
Hot Vinyl,12.00
John Coltrane - Standard Coltrane - 1962 - Vinyl LP Stereo,40.00
Danny Kortchmar ‚Äì Kootch LP Warner Bros 1973 BS 2711 WLP white label promo VG+,10.00
Magnetic Heaven Wax RCA Records 1986 Stereo LP  Mint-,24.99
AZUMA  1987'  PRIVATE MUSIC New Age  Lp Vinyl Record Tangerine Dream PB Label,35.00
CRUNT 33 RPM LP CRUNT ROCK PUNK BABES IN TOYLAND LUBRICATED GOAT TRANCE + BONUS,38.00
The Flaming Lips Hear It Is vinyl lp 1986,20.00
GIL EVANS ORCH Plays Jimi Hendrix CPL10667 C‚ú©PL1 LP Vinyl VG+ Cover Fair 1974,16.99
Tron~Wendy Carlos Soundtrack~1982 Vinyl CBS Records~BL-37782,31.50
THE TEMPLE AIRES Song Songs Of Zion 12‚Äù Vinyl LP Rare,24.99
"Faust: The Last LP.  Limited Edition, Numbered. #1342. 1988 UK Pressing. VG+++",65.00
Ken McIntyre With Eric Dolphy - Looking Ahead - 1965 LP RVG VG New Jazz Prestige,39.99
Minnie Riperton ‚Äì Perfect Angel Vinyl LP - 1974 - Epic KE 32561 -,20.00
BRAINTICKET PSYCHONAUT BL15156 BELLAPHON 70'S REISSUE ~ WEST GERMAN PRESSING,38.50
"VTG ""DEUCES, T'S, ROADSTERS &DRUMS"" RCA 1963 HAL BLAINE and THE YOUNG COUGARS",25.00
ESPERANZA ENCANTADA Rolling Stones THE BEATLES COVERS Latin Folk Rock RARE,9.99
HOLIDAY IN RIO Alfredo & His Amigos RARE Rhumba MAMBO Tango LATIN Cha Cha Cha,9.99
EARTHBOUND Roberto SEXY CHEESECAKE GIRL COVER Space Age Pop MCM 50's Vtg Vinyl,9.99
THE CARIBBEAN AT NIGHT Latin Jazz BRAZIL Bolero RUMBA Spanish SPACE AGE POP Easy,9.99
The Phoenix - Alpha Zulu [Black Vinyl]  Vinyl LP Album VG+,14.99
CRAIG LEON NOMMOS LP Vinyl EX Record RARE 1981 Takoma Electronic Experimental,69.99
Serge Blenner La Vogue LP Vinyl NM Record RARE 1980 Original SKY Germany,39.99
Andy Roberts LP Home Grown SEALED Ampex,179.99
"The JB's Food For Thought, Produced By James Brown, 1972",22.00
Fred Wesley & The J.B.'s - Damn Right I Am Somebody Vinyl LP 6602 1st 1974 VG+,25.00
L7 Hungry For Stink Original 1994 US Slash Records Pressing Blue Vinyl Promo LP,49.99
"JIM SULLIVAN: folklore with a beat EPIC 12"" LP 33 RPM | Rare Demonstration",24.99
FREDDIE HUBBARD A Soul Experiment LP ‚Äò69 Atlantic Carlos Garnett Kenny Barron EX,33.00
MINISTRY COLD LIFE ORIGINAL VINYL EXCELLENT ,33.49
The Smiths Queen is Dead 1986 1st Press 1-25426 VG  LP Morrissey RARE!,75.00
Barry Altschul - You Can‚Äôt Name Your Own Tune LP  1977 Muse Promo OG,40.00
Bobby Brown-The Enlightening Beam Of Axonda-Psych LP-Destiny‚Ä¶SIGNED Autograph,33.89
"LP: Elvin Jones, Coalition King Recording, Blue Note, Reissue, Japan, 1983, Hard",45.00
"DEPECH MODE 1981: Speak & Spell LP 33 RPM Vinyl 12"" Sire Record Los SRK 3642 VG",57.38
Jon Hassell/Brian Eno ‚Äé‚ô´ Fourth World Vol 1 Possible Musics ‚ô´ Rare 1980 Vinyl LP,99.99
Scott Lindenmuth Group ‚Äé‚Äé‚ô´ Changin Rhythm ‚Äé‚ô´ Rare 1987 Dark Stream Vinyl LP,29.99
Ernesto Baffa ‚Äì Tango Sin Edad (1980) VG+/VG+,24.95
Altamira Banda Show ‚Äé‚Äì Banana Vinyl LP Latin Funk Soul Soca Merengue EX,10.00
"Antonio Carlos Jobim - Wave, Vinyl LP NM Jazz Shrink A&M",22.45
Donny Hathaway - Donny Hathaway - 12‚Äù Vinyl LP 1971 - ATCO SD 33-360,24.99
Solar Heat ‚Äì Solar Heat LP- ABC Records AA-1129 (1979) Promo,15.99
ASTRUD GILBERTO I HAVEN'T GOT ANYTHING BETTER TO DO LP RARE 1969 VERVE V6-8776,14.99
